Juan,Diego,Jaime,Pedro,Luis,Carlos,Jorge,Andres,Miguel,Fernando,
Ricardo,Sergio,Alberto,Manuel,Rafael,Pablo,Hector,Eduardo,Victor,Mario,
Raul,Oscar,Gabriel,Emilio,Adrian,Julio,Enrique,Roberto,Daniel,Francisco,
Esteban,Tomas,Ignacio,Matias,Nicolas,Felipe,Sebastian,Cristian,Mauricio,Claudio,
Patricio,Rodrigo,Ivan,Gonzalo,Cesar,Leonardo,Maximiliano,Hugo,Ruben,Alonso,
Bruno,Axel,Benjamin,Lucas,Agustin,Dario,Elias,Fabian,German,Horacio,
Ismael,Javier,Kevin,Lautaro,Marcelo,Nelson,Orlando,Paulo,Ramiro,Salvador,
Tobias,Ulises,Valentin,Walter,Xavier,Aaron,Abel,Adolfo,Alan,Alex,
Alfredo,Amador,Anibal,Ariel,Armando,Arturo,Baltazar,Bernardo,Blas,Braulio,
Camilo,Ciro,Conrado,Dante,David,Edgar,Ernesto,Federico,Felix,Gerardo,
Gilberto,Guillermo,Gustavo,Heriberto,Hilario,Homero,Iker,Isaac,Isidro,Jacinto,
Jael,Jairo,Jesus,Joel,Jonas,Jonathan,Josue,Juanito,Justo,Kenny,
Leandro,Lisandro,Lorenzo,Luciano,Marcos,Martin,Mateo,Melchor,Moises,Nestor,
Norberto,Octavio,Omar,Onofre,Osvaldo,Pascual,Primo,Quentin,Quirino,Ramon,
Reinaldo,Renato,Rigoberto,Rodolfo,Rolando,Rosendo,Ruperto,Santiago,Saul,Silvio,
Teodoro,Timoteo,Tristan,Ubaldo,Valerio,Vicente,Wilfredo,Yago,Zacarias,Abraham,
Adan,Agapito,Aitor,Alarico,Alejandro,Alfonso,Alvaro,Amancio,Amaro,Ambrosio,
Anastasio,Anselmo,Antonio,Aquiles,Arcadio,Aristides,Arnoldo,Arsenio,Aureliano,Aurelio,
Balbino,Basilio,Benito,Bonifacio,Borja,Calixto,Candido,Casiano,Cayetano,Ceferino,
Celestino,Cipriano,Cirilo,Clemente,Cornelio,Cosme,Cristobal,Dalmacio,Dario2,Desiderio,
Dimas,Donato,Doroteo,Edelmiro,Eleuterio,Elpidio,Emerico,Encarnacion,Epifanio,Erasmo,
Eriberto,Erostrato,Escolastico,Estanislao,Eugenio,Eulogio,Eusebio,Exequiel,Fabricio,Facundo,
Faustino,Felix2,Feliciano,Felicisimo,Fernando2,Florencio,Froilan,Gabino,Gael,Galileo,
Genaro,Geronimo,Gervasio,Gildardo,Gines,Gregorio,Guido,Gumersindo,Hernan,Higinio,
Hipolito,Humberto,Ildefonso,Indalecio,Inigo,Isaias,Jacobo,Jenaro,Jeremias,Jeronimo,
Joaquin,Jordy,Josafat,Josias,Juanmanuel,Julian,Justino,Ladislao,Laureano,Leocadio,
Leoncio,Leopoldo,Lino,Lisardo,Loren,Lucio,Macario,Magno,Manases,Marcial,
Mariano,Mario2,Marino,Mauro,Maximo,Meliton,Menandro,Miguelangel,Modesto,Nabor,
Nazario,Nemesio,Nicanor,Nicomedes,Noe,Nolasco,Noriel,Obdulio,Olegario,Olimpio,
Orestes,Orfelio,Ovidio,Pablo2,Pancracio,Pascasio,Pelayo,Perfecto,Petronilo,Plutarco,
Policarpo,Prudencio,Quico,Quintin,Raimundo,Rancel,Recaredo,Remigio,Renzo,Reyes,
Rito,Robinson,Rogelio,Romualdo,Ruperto2,Sabino,Salomon,Samir,Sancho,Sanson,
Saturnino,Segismundo,Servando,Severiano,Silverio,Siro,Socorro,Solano,Sotero,Tadeo,
Tarsicio,Telmo,Teofilo,Tiburcio,Tito,Toribio,Trifon,Ulpiano,Urbano,Valentin2,
Valeriano,Venancio,Ventura,Vidal,Victoriano,Vigilio,Waldo,Washington,Wilmer,Ximeno,
Yandel,Yosef,Zebedeo,Zenon,Zosimo Adriel2,Aldo,Alejo,Alonso2,Amir,Anuar,Ariel2,Aron,Asael,Augusto,
Bastian,Bautista,Belisario,Benicio,Boris,Candelario,Casandro,Cayetano2,
Ciro2,Claudio2,Clemente2,Cosme2,Cristobal2,Damian,Dario3,Darwin,Delfin,Demian,
Dennis,Desiderio2,Dimas2,Dionel,Dorian,Eber,Edwin,Efren,Elian,Elio,
Elmer,Emanuel,Emiliano,Emir,Enzo,Erasmo2,Erick,Eros,Estanislao2,Eugenio2,
Evaristo2,Ezequiel,Fabricio2,Fausto2,Favio,Feliciano2,Fidel,Filemon,Flavio2,Fortunato2,
Franco,Freddy,Gael2,Gaston,Genaro2,Geronimo2,Gian,Gino,Giovanni,Gonzalo2,
Guido2,Hector2,Hernan2,Hugo2,Ibrahim,Iker2,Isael,Isaias2,Ismael2,Israel,
Ivan2,Jairo2,Jared,Javier2,Jaziel,Jean,Joaquin2,Joel2,Jonatan,Jordan,
Josue2,Juan2,Julian2,Junior,Justino2,Kadir,Kai,Karim,Kevin2,Khalil,
Kristian,Lautaro2,Leandro2,Leon,Leonardo2,Levi,Liam,Lisandro2,Logan,Lorenzo2,
Lucas2,Luciano2,Luis2,Manuel2,Marcelo2,Marcos2,Mariano2,Mario3,Martin2,Mateo2,
Matias2, clarence, Sumo, Connor, elizabeta, Enmeregildo, Fabiola, Gisela, Hilda, Isidora, 
Jimena, Karen, Laura, Mariana,